"repo_id","subscriber_id","name","url"
14908550,165353,"cdibona","https://api.github.com/users/cdibona"
14908550,306087,"matthiaskramm","https://api.github.com/users/matthiaskramm"
14908550,6034893,"pludemann","https://api.github.com/users/pludemann"
14908550,68491,"gpshead","https://api.github.com/users/gpshead"
14908550,890458,"raoulDoc","https://api.github.com/users/raoulDoc"
14908550,156560,"williballenthin","https://api.github.com/users/williballenthin"
14908550,196619,"itkovian","https://api.github.com/users/itkovian"
14908550,7372149,"noellaw","https://api.github.com/users/noellaw"
14908550,5073946,"SuriyaaKudoIsc","https://api.github.com/users/SuriyaaKudoIsc"
14908550,388723,"mvcisback","https://api.github.com/users/mvcisback"
14908550,1317338,"mrovner","https://api.github.com/users/mrovner"
14908550,446326,"senseb","https://api.github.com/users/senseb"
14908550,2193605,"dbrowne","https://api.github.com/users/dbrowne"
14908550,12192,"kozo2","https://api.github.com/users/kozo2"
14908550,11523068,"olliewild","https://api.github.com/users/olliewild"
14908550,3387900,"luoweipeter","https://api.github.com/users/luoweipeter"
14908550,625793,"The-Compiler","https://api.github.com/users/The-Compiler"
14908550,77258,"yufei","https://api.github.com/users/yufei"
14908550,21041423,"irikeish","https://api.github.com/users/irikeish"
14908550,841039,"jhcloos","https://api.github.com/users/jhcloos"
14908550,32309979,"eemailme","https://api.github.com/users/eemailme"
14909673,165353,"cdibona","https://api.github.com/users/cdibona"
14909673,3856546,"scudette","https://api.github.com/users/scudette"
14909673,904981,"mbushkov","https://api.github.com/users/mbushkov"
14909673,3466684,"destijl13","https://api.github.com/users/destijl13"
14909673,5073946,"SuriyaaKudoIsc","https://api.github.com/users/SuriyaaKudoIsc"
14909673,8438420,"keithcusters","https://api.github.com/users/keithcusters"
14909673,3888750,"joachimmetz","https://api.github.com/users/joachimmetz"
14909673,7632102,"grrrrrrrrr","https://api.github.com/users/grrrrrrrrr"
14909673,8451350,"pidydx","https://api.github.com/users/pidydx"
14909673,323111,"yyu","https://api.github.com/users/yyu"
14909673,9344144,"wspears","https://api.github.com/users/wspears"
14909673,2074029,"cmc","https://api.github.com/users/cmc"
14909673,2279436,"packetdude2","https://api.github.com/users/packetdude2"
14909673,6748581,"chris-rusu","https://api.github.com/users/chris-rusu"
14909673,104913,"bornio","https://api.github.com/users/bornio"
14909673,9531986,"minurc","https://api.github.com/users/minurc"
14909673,51360,"bemre","https://api.github.com/users/bemre"
14909673,5791182,"nkl0x55","https://api.github.com/users/nkl0x55"
14909673,2385530,"p8a","https://api.github.com/users/p8a"
14909673,526959,"trietptm","https://api.github.com/users/trietptm"
14909673,9697041,"bgalehouse","https://api.github.com/users/bgalehouse"
14909673,69355,"guesslin","https://api.github.com/users/guesslin"
14909673,169669,"evandrix","https://api.github.com/users/evandrix"
14909673,7852359,"pragyaseth","https://api.github.com/users/pragyaseth"
14909673,4241441,"desiaznwitekid","https://api.github.com/users/desiaznwitekid"
14909673,1424123,"Mjelnuz","https://api.github.com/users/Mjelnuz"
14909673,10345135,"cordeos-chris","https://api.github.com/users/cordeos-chris"
14909673,215224,"Hote","https://api.github.com/users/Hote"
14909673,890177,"waterway","https://api.github.com/users/waterway"
14909673,10405778,"stephenlstewart","https://api.github.com/users/stephenlstewart"
14967014,165353,"cdibona","https://api.github.com/users/cdibona"
14967014,65244,"dbarnett","https://api.github.com/users/dbarnett"
14967014,857692,"wedgwood","https://api.github.com/users/wedgwood"
14967014,1109737,"deknos","https://api.github.com/users/deknos"
14967014,317978,"svaclav","https://api.github.com/users/svaclav"
14967014,122267,"mdaisuke","https://api.github.com/users/mdaisuke"
14967014,15813,"initcrash","https://api.github.com/users/initcrash"
14967014,2138791,"wildcloud3","https://api.github.com/users/wildcloud3"
14967014,1141198,"UncleBill","https://api.github.com/users/UncleBill"
14967014,417814,"Kashomon","https://api.github.com/users/Kashomon"
14967014,2034194,"wdicarlo","https://api.github.com/users/wdicarlo"
14967014,2769810,"xanderman","https://api.github.com/users/xanderman"
14967014,7025783,"malcolmr","https://api.github.com/users/malcolmr"
14967014,701405,"Spencerx","https://api.github.com/users/Spencerx"
14967014,5073946,"SuriyaaKudoIsc","https://api.github.com/users/SuriyaaKudoIsc"
14967014,446326,"senseb","https://api.github.com/users/senseb"
14967014,3621496,"badwtg1111","https://api.github.com/users/badwtg1111"
14967014,349828,"ARoiD","https://api.github.com/users/ARoiD"
14967014,12192,"kozo2","https://api.github.com/users/kozo2"
14967014,1681606,"khalidchawtany","https://api.github.com/users/khalidchawtany"
14967014,278153,"netroby","https://api.github.com/users/netroby"
14967014,6366270,"zchee","https://api.github.com/users/zchee"
14967014,474655,"symbolix","https://api.github.com/users/symbolix"
14967014,16215,"martindemello","https://api.github.com/users/martindemello"
14967014,6156069,"billhibazzz","https://api.github.com/users/billhibazzz"
14967014,77258,"yufei","https://api.github.com/users/yufei"
14967014,195559,"rakhmad","https://api.github.com/users/rakhmad"
14967014,7951015,"AlanYume","https://api.github.com/users/AlanYume"
14967014,841039,"jhcloos","https://api.github.com/users/jhcloos"
14967014,32309979,"eemailme","https://api.github.com/users/eemailme"
14996142,165353,"cdibona","https://api.github.com/users/cdibona"
14996142,65244,"dbarnett","https://api.github.com/users/dbarnett"
14996142,1819744,"chiphogg","https://api.github.com/users/chiphogg"
14996142,417814,"Kashomon","https://api.github.com/users/Kashomon"
14996142,2769810,"xanderman","https://api.github.com/users/xanderman"
14996142,7025783,"malcolmr","https://api.github.com/users/malcolmr"
14996142,5073946,"SuriyaaKudoIsc","https://api.github.com/users/SuriyaaKudoIsc"
14996142,3621496,"badwtg1111","https://api.github.com/users/badwtg1111"
14996142,349828,"ARoiD","https://api.github.com/users/ARoiD"
14996142,1147109,"RocketDonkey","https://api.github.com/users/RocketDonkey"
14996142,12192,"kozo2","https://api.github.com/users/kozo2"
14996142,16215,"martindemello","https://api.github.com/users/martindemello"
14996142,195559,"rakhmad","https://api.github.com/users/rakhmad"
14996142,841039,"jhcloos","https://api.github.com/users/jhcloos"
14996142,32309979,"eemailme","https://api.github.com/users/eemailme"
14996142,1040460,"lesseasyway","https://api.github.com/users/lesseasyway"
15122806,165353,"cdibona","https://api.github.com/users/cdibona"
15122806,510002,"dominichamon","https://api.github.com/users/dominichamon"
15122806,380586,"0x1997","https://api.github.com/users/0x1997"
15122806,6441772,"YongCHN","https://api.github.com/users/YongCHN"
15122806,593183,"anton-nikan","https://api.github.com/users/anton-nikan"
15122806,446493,"sifeier","https://api.github.com/users/sifeier"
15122806,1459251,"Hokanos","https://api.github.com/users/Hokanos"
15122806,2284290,"eggrobin","https://api.github.com/users/eggrobin"
15122806,7423020,"pleroy","https://api.github.com/users/pleroy"
15122806,1490484,"jbemmz","https://api.github.com/users/jbemmz"
15122806,4395943,"hormes","https://api.github.com/users/hormes"
15122806,5073946,"SuriyaaKudoIsc","https://api.github.com/users/SuriyaaKudoIsc"
15122806,1404191,"abduld","https://api.github.com/users/abduld"
15122806,1281484,"leverly","https://api.github.com/users/leverly"
15122806,760562,"kitt1987","https://api.github.com/users/kitt1987"
15122806,5533612,"hljyunxi","https://api.github.com/users/hljyunxi"
15122806,5435649,"myd7349","https://api.github.com/users/myd7349"
15122806,946830,"Serinox","https://api.github.com/users/Serinox"
15122806,1176427,"EricWF","https://api.github.com/users/EricWF"
15122806,2187242,"loverszhaokai","https://api.github.com/users/loverszhaokai"
15122806,1017605,"wangshan","https://api.github.com/users/wangshan"
15122806,1116113,"psallandre","https://api.github.com/users/psallandre"
15122806,349828,"ARoiD","https://api.github.com/users/ARoiD"
15122806,9623980,"ulvgard","https://api.github.com/users/ulvgard"
15122806,1954428,"jiangwenhan","https://api.github.com/users/jiangwenhan"
15122806,11691626,"xiexiexx","https://api.github.com/users/xiexiexx"
15122806,7930723,"fujinggui","https://api.github.com/users/fujinggui"
15122806,1020760,"empty2fill","https://api.github.com/users/empty2fill"
15122806,4214337,"hardboydu","https://api.github.com/users/hardboydu"
15122806,1271845,"ymonster","https://api.github.com/users/ymonster"
15144758,5479,"sethladd","https://api.github.com/users/sethladd"
15144758,165353,"cdibona","https://api.github.com/users/cdibona"
15144758,522948,"justinfagnani","https://api.github.com/users/justinfagnani"
15144758,1343914,"sgjesse","https://api.github.com/users/sgjesse"
15144758,1364489,"janicejl","https://api.github.com/users/janicejl"
15144758,2055873,"terrylucas","https://api.github.com/users/terrylucas"
15144758,2108507,"dgrove","https://api.github.com/users/dgrove"
15144758,2192312,"keertip","https://api.github.com/users/keertip"
15144758,2293599,"tatemandel","https://api.github.com/users/tatemandel"
15144758,2762632,"gramster","https://api.github.com/users/gramster"
15144758,2891888,"danrubel","https://api.github.com/users/danrubel"
15144758,2978182,"lukechurch","https://api.github.com/users/lukechurch"
15144758,5384657,"marcelocost","https://api.github.com/users/marcelocost"
15144758,405837,"zoechi","https://api.github.com/users/zoechi"
15144758,36553,"yarko","https://api.github.com/users/yarko"
15144758,5073946,"SuriyaaKudoIsc","https://api.github.com/users/SuriyaaKudoIsc"
15144758,5049510,"BILLzzz","https://api.github.com/users/BILLzzz"
15144758,6156069,"billhibazzz","https://api.github.com/users/billhibazzz"
15144758,841039,"jhcloos","https://api.github.com/users/jhcloos"
15144758,32309979,"eemailme","https://api.github.com/users/eemailme"
15319507,165353,"cdibona","https://api.github.com/users/cdibona"
15319507,6185696,"fadden","https://api.github.com/users/fadden"
15319507,458510,"OnlyInAmerica","https://api.github.com/users/OnlyInAmerica"
15319507,643554,"ivngrz","https://api.github.com/users/ivngrz"
15319507,2921946,"xiaos","https://api.github.com/users/xiaos"
15319507,1190344,"LOG-TAG","https://api.github.com/users/LOG-TAG"
15319507,20169,"lail3344","https://api.github.com/users/lail3344"
15319507,5714437,"dogtim","https://api.github.com/users/dogtim"
15319507,2969549,"gongliuqing","https://api.github.com/users/gongliuqing"
15319507,35860,"naseer","https://api.github.com/users/naseer"
15319507,446712,"rocel","https://api.github.com/users/rocel"
15319507,1335286,"nazgee","https://api.github.com/users/nazgee"
15319507,2068772,"forrestgg","https://api.github.com/users/forrestgg"
15319507,462206,"pierrchen","https://api.github.com/users/pierrchen"
15319507,1196374,"tguerin","https://api.github.com/users/tguerin"
15319507,2589531,"cainli","https://api.github.com/users/cainli"
15319507,7268754,"ccdevelop","https://api.github.com/users/ccdevelop"
15319507,2216,"spike","https://api.github.com/users/spike"
15319507,701405,"Spencerx","https://api.github.com/users/Spencerx"
15319507,1675131,"crossle","https://api.github.com/users/crossle"
15319507,1947297,"stabib","https://api.github.com/users/stabib"
15319507,5235846,"leonzhangbj","https://api.github.com/users/leonzhangbj"
15319507,3852160,"simon-zhou","https://api.github.com/users/simon-zhou"
15319507,3888226,"longchuan1985","https://api.github.com/users/longchuan1985"
15319507,540181,"julianshen","https://api.github.com/users/julianshen"
15319507,5073946,"SuriyaaKudoIsc","https://api.github.com/users/SuriyaaKudoIsc"
15319507,2466073,"findjigar","https://api.github.com/users/findjigar"
15319507,1817626,"hurricane1260","https://api.github.com/users/hurricane1260"
15319507,2045717,"zourb","https://api.github.com/users/zourb"
15319507,9261961,"LionGitHeart","https://api.github.com/users/LionGitHeart"
15690069,165353,"cdibona","https://api.github.com/users/cdibona"
15690069,5798891,"theinsecureroot","https://api.github.com/users/theinsecureroot"
15690069,5394915,"docteau","https://api.github.com/users/docteau"
15690069,701405,"Spencerx","https://api.github.com/users/Spencerx"
15690069,5073946,"SuriyaaKudoIsc","https://api.github.com/users/SuriyaaKudoIsc"
15690069,77258,"yufei","https://api.github.com/users/yufei"
15690069,841039,"jhcloos","https://api.github.com/users/jhcloos"
15690069,32309979,"eemailme","https://api.github.com/users/eemailme"
15749269,165353,"cdibona","https://api.github.com/users/cdibona"
15749269,2808,"comewalk","https://api.github.com/users/comewalk"
15749269,7377199,"orestica","https://api.github.com/users/orestica"
15749269,382297,"z017","https://api.github.com/users/z017"
15749269,141151,"yuren1978","https://api.github.com/users/yuren1978"
15749269,650289,"SuperCrunch","https://api.github.com/users/SuperCrunch"
15749269,1278390,"sungamagnus","https://api.github.com/users/sungamagnus"
15749269,1614064,"sotw","https://api.github.com/users/sotw"
15749269,43644,"adewale","https://api.github.com/users/adewale"
15749269,69569,"jaybaker","https://api.github.com/users/jaybaker"
15749269,57632,"todo","https://api.github.com/users/todo"
15749269,8015374,"erkekyuzuk","https://api.github.com/users/erkekyuzuk"
15749269,1553597,"idobatter","https://api.github.com/users/idobatter"
15749269,29848,"d6veteran","https://api.github.com/users/d6veteran"
15749269,4982989,"joefusaro","https://api.github.com/users/joefusaro"
15749269,5073946,"SuriyaaKudoIsc","https://api.github.com/users/SuriyaaKudoIsc"
15749269,935038,"bixbydev","https://api.github.com/users/bixbydev"
15749269,2843655,"marsov","https://api.github.com/users/marsov"
15749269,4046737,"heartgamer","https://api.github.com/users/heartgamer"
15749269,300283,"mwollenweber","https://api.github.com/users/mwollenweber"
15749269,7194705,"cyanidium","https://api.github.com/users/cyanidium"
15749269,6555937,"pgrosu","https://api.github.com/users/pgrosu"
15749269,1251789,"oonid","https://api.github.com/users/oonid"
15749269,3078240,"v-python","https://api.github.com/users/v-python"
15749269,3165044,"FirefighterBlu3","https://api.github.com/users/FirefighterBlu3"
15749269,10851475,"mjtener","https://api.github.com/users/mjtener"
15749269,8120339,"sigmote","https://api.github.com/users/sigmote"
15749269,124766,"eos87","https://api.github.com/users/eos87"
15749269,4869638,"wxthon","https://api.github.com/users/wxthon"
15749269,147228,"lkraav","https://api.github.com/users/lkraav"
15773229,165353,"cdibona","https://api.github.com/users/cdibona"
15773229,1726460,"jcgregorio","https://api.github.com/users/jcgregorio"
15773229,1518241,"neo5anderson","https://api.github.com/users/neo5anderson"
15773229,2130959,"mori2k12bln","https://api.github.com/users/mori2k12bln"
15773229,117785,"michax","https://api.github.com/users/michax"
15773229,6538233,"ZajferX","https://api.github.com/users/ZajferX"
15773229,5857275,"thomasSailing","https://api.github.com/users/thomasSailing"
15773229,1937740,"chraac","https://api.github.com/users/chraac"
15773229,1730543,"ridjohansen","https://api.github.com/users/ridjohansen"
15773229,43423,"roserouge","https://api.github.com/users/roserouge"
15773229,6075459,"Lotgyero","https://api.github.com/users/Lotgyero"
15773229,5859726,"srinivasvemula4u","https://api.github.com/users/srinivasvemula4u"
15773229,5073946,"SuriyaaKudoIsc","https://api.github.com/users/SuriyaaKudoIsc"
15773229,1318839,"SKorolchuk","https://api.github.com/users/SKorolchuk"
15773229,7338128,"enkingstudio","https://api.github.com/users/enkingstudio"
15773229,874673,"birsoyo","https://api.github.com/users/birsoyo"
15773229,5807818,"billlin12345","https://api.github.com/users/billlin12345"
15773229,8797642,"theblueskies","https://api.github.com/users/theblueskies"
15773229,8305505,"andy-ywzq","https://api.github.com/users/andy-ywzq"
15773229,1567082,"zhouzhenghui","https://api.github.com/users/zhouzhenghui"
15773229,341726,"jenix21","https://api.github.com/users/jenix21"
15773229,355982,"roadlabs","https://api.github.com/users/roadlabs"
15773229,9112910,"nuchticha","https://api.github.com/users/nuchticha"
15773229,6715636,"Coco-77","https://api.github.com/users/Coco-77"
15773229,4457333,"Gemix","https://api.github.com/users/Gemix"
15773229,4220297,"xlvcst","https://api.github.com/users/xlvcst"
15773229,8367760,"CoderAFI","https://api.github.com/users/CoderAFI"
15773229,3021068,"ehdgms","https://api.github.com/users/ehdgms"
15773229,1230727,"cometdlut","https://api.github.com/users/cometdlut"
15773229,123885,"JJusti","https://api.github.com/users/JJusti"
15773235,165353,"cdibona","https://api.github.com/users/cdibona"
15773235,1726460,"jcgregorio","https://api.github.com/users/jcgregorio"
15773235,6538233,"ZajferX","https://api.github.com/users/ZajferX"
15773235,701405,"Spencerx","https://api.github.com/users/Spencerx"
15773235,5073946,"SuriyaaKudoIsc","https://api.github.com/users/SuriyaaKudoIsc"
15773235,8797642,"theblueskies","https://api.github.com/users/theblueskies"
15773235,355982,"roadlabs","https://api.github.com/users/roadlabs"
15773235,11959746,"agithubtest1","https://api.github.com/users/agithubtest1"
15773235,1525579,"gratuxri","https://api.github.com/users/gratuxri"
15773235,6314552,"ardyf","https://api.github.com/users/ardyf"
15773235,110466,"aguai","https://api.github.com/users/aguai"
15773235,24292800,"emar002","https://api.github.com/users/emar002"
15773235,26158581,"yoshipaulbrophy","https://api.github.com/users/yoshipaulbrophy"
15773235,22755176,"mpcgeek1981","https://api.github.com/users/mpcgeek1981"
15773235,841039,"jhcloos","https://api.github.com/users/jhcloos"
15773235,32309979,"eemailme","https://api.github.com/users/eemailme"
15773235,325809,"erock2112","https://api.github.com/users/erock2112"
15773235,37136230,"sbtagent120info","https://api.github.com/users/sbtagent120info"
15773235,37178694,"adminsbtagent","https://api.github.com/users/adminsbtagent"
15812091,165353,"cdibona","https://api.github.com/users/cdibona"
15812091,5599032,"jorr-at-google","https://api.github.com/users/jorr-at-google"
15812091,6372703,"johncox-google","https://api.github.com/users/johncox-google"
15812091,422039,"ankit8898","https://api.github.com/users/ankit8898"
15812091,5607222,"mhoeber","https://api.github.com/users/mhoeber"
15812091,1106558,"sufyanadam","https://api.github.com/users/sufyanadam"
15812091,5558772,"wlopez","https://api.github.com/users/wlopez"
15812091,6726119,"ivoribeiro23","https://api.github.com/users/ivoribeiro23"
15812091,2432019,"jcambre","https://api.github.com/users/jcambre"
15812091,448399,"pdbradley","https://api.github.com/users/pdbradley"
15812091,2136801,"smitzey","https://api.github.com/users/smitzey"
15812091,4141179,"mgainer","https://api.github.com/users/mgainer"
15812091,1490484,"jbemmz","https://api.github.com/users/jbemmz"
15812091,5356951,"saske505","https://api.github.com/users/saske505"
15812091,5073946,"SuriyaaKudoIsc","https://api.github.com/users/SuriyaaKudoIsc"
15812091,1174429,"laito","https://api.github.com/users/laito"
15812091,8787545,"metalshell","https://api.github.com/users/metalshell"
15812091,5783423,"AlexMorgan","https://api.github.com/users/AlexMorgan"
15812091,392273,"elitelinux","https://api.github.com/users/elitelinux"
15812091,1125485,"geneliu","https://api.github.com/users/geneliu"
15812091,11853982,"khamade22","https://api.github.com/users/khamade22"
15812091,7272515,"Nirnaeth1987","https://api.github.com/users/Nirnaeth1987"
15812091,849308,"matthewpack","https://api.github.com/users/matthewpack"
15812091,11263342,"riptide24","https://api.github.com/users/riptide24"
15812091,10974291,"kumarashu123","https://api.github.com/users/kumarashu123"
15812091,2127162,"barkinet","https://api.github.com/users/barkinet"
15812091,5021946,"redalearning","https://api.github.com/users/redalearning"
15812091,1610158,"mcanthony","https://api.github.com/users/mcanthony"
15812091,437947,"zuwayer","https://api.github.com/users/zuwayer"
15812091,318549,"cleberjsantos","https://api.github.com/users/cleberjsantos"
16109108,165353,"cdibona","https://api.github.com/users/cdibona"
16109108,6354698,"KenjiBaheux","https://api.github.com/users/KenjiBaheux"
16109108,69238,"syoichi","https://api.github.com/users/syoichi"
16109108,634478,"beaufortfrancois","https://api.github.com/users/beaufortfrancois"
16109108,2611152,"X1011","https://api.github.com/users/X1011"
16109108,5073946,"SuriyaaKudoIsc","https://api.github.com/users/SuriyaaKudoIsc"
16109108,5049510,"BILLzzz","https://api.github.com/users/BILLzzz"
16109108,6156069,"billhibazzz","https://api.github.com/users/billhibazzz"
16109108,77258,"yufei","https://api.github.com/users/yufei"
16109108,2520796,"huchka","https://api.github.com/users/huchka"
16109108,13800732,"dsienko","https://api.github.com/users/dsienko"
16109108,10986731,"jazzgroove","https://api.github.com/users/jazzgroove"
16109108,788602,"MssKnd","https://api.github.com/users/MssKnd"
16109108,160237,"bderrly","https://api.github.com/users/bderrly"
16109108,19614407,"HasanAbdulla","https://api.github.com/users/HasanAbdulla"
16109108,841039,"jhcloos","https://api.github.com/users/jhcloos"
16109108,32309979,"eemailme","https://api.github.com/users/eemailme"
16109108,36320193,"agarwalviv","https://api.github.com/users/agarwalviv"
16109825,165353,"cdibona","https://api.github.com/users/cdibona"
16109825,6403763,"lenhardt","https://api.github.com/users/lenhardt"
16109825,5073946,"SuriyaaKudoIsc","https://api.github.com/users/SuriyaaKudoIsc"
16109825,1230727,"cometdlut","https://api.github.com/users/cometdlut"
16109825,2187242,"loverszhaokai","https://api.github.com/users/loverszhaokai"
16109825,5635322,"daming-lu","https://api.github.com/users/daming-lu"
16109825,4214337,"hardboydu","https://api.github.com/users/hardboydu"
16109825,1610158,"mcanthony","https://api.github.com/users/mcanthony"
16109825,3122755,"levitation","https://api.github.com/users/levitation"
16109825,180654,"mcraveiro","https://api.github.com/users/mcraveiro"
16109825,20436386,"b-nairobi","https://api.github.com/users/b-nairobi"
16109825,5472401,"jjmgreen","https://api.github.com/users/jjmgreen"
16109825,3903059,"raulsntos","https://api.github.com/users/raulsntos"
16109825,11712923,"lyrachord","https://api.github.com/users/lyrachord"
16109825,841039,"jhcloos","https://api.github.com/users/jhcloos"
16109825,32309979,"eemailme","https://api.github.com/users/eemailme"
16186893,165353,"cdibona","https://api.github.com/users/cdibona"
16186893,17555,"timbray","https://api.github.com/users/timbray"
16186893,6549769,"jdgreenberg","https://api.github.com/users/jdgreenberg"
16186893,5073946,"SuriyaaKudoIsc","https://api.github.com/users/SuriyaaKudoIsc"
16186893,6156069,"billhibazzz","https://api.github.com/users/billhibazzz"
16186893,841039,"jhcloos","https://api.github.com/users/jhcloos"
16186893,32309979,"eemailme","https://api.github.com/users/eemailme"
16186923,165353,"cdibona","https://api.github.com/users/cdibona"
16186923,17555,"timbray","https://api.github.com/users/timbray"
16186923,4255745,"Electrofenster","https://api.github.com/users/Electrofenster"
16186923,6549769,"jdgreenberg","https://api.github.com/users/jdgreenberg"
16186923,5073946,"SuriyaaKudoIsc","https://api.github.com/users/SuriyaaKudoIsc"
16186923,7869833,"XinyueZ","https://api.github.com/users/XinyueZ"
16186923,12182072,"limpoxe","https://api.github.com/users/limpoxe"
16186923,9456184,"wdjrpg","https://api.github.com/users/wdjrpg"
16186923,841039,"jhcloos","https://api.github.com/users/jhcloos"
16186923,28132386,"MatteoSomensi","https://api.github.com/users/MatteoSomensi"
16186923,32309979,"eemailme","https://api.github.com/users/eemailme"
16186934,165353,"cdibona","https://api.github.com/users/cdibona"
16186934,17555,"timbray","https://api.github.com/users/timbray"
16186934,6549769,"jdgreenberg","https://api.github.com/users/jdgreenberg"
16186934,6239057,"qinyuhang","https://api.github.com/users/qinyuhang"
16186934,6156069,"billhibazzz","https://api.github.com/users/billhibazzz"
16186934,841039,"jhcloos","https://api.github.com/users/jhcloos"
16186934,32309979,"eemailme","https://api.github.com/users/eemailme"
16319081,165353,"cdibona","https://api.github.com/users/cdibona"
16319081,205570,"johnjbarton","https://api.github.com/users/johnjbarton"
16319081,5073946,"SuriyaaKudoIsc","https://api.github.com/users/SuriyaaKudoIsc"
16319081,5897956,"deathcap","https://api.github.com/users/deathcap"
16319081,8576686,"cdll","https://api.github.com/users/cdll"
16319081,23269384,"Rafi6969","https://api.github.com/users/Rafi6969"
16319081,841039,"jhcloos","https://api.github.com/users/jhcloos"
16319081,32309979,"eemailme","https://api.github.com/users/eemailme"
16386421,165353,"cdibona","https://api.github.com/users/cdibona"
16386421,6464581,"jtarrio","https://api.github.com/users/jtarrio"
16386421,2136801,"smitzey","https://api.github.com/users/smitzey"
16386421,82891,"leearmstrong","https://api.github.com/users/leearmstrong"
16386421,38193,"edy555","https://api.github.com/users/edy555"
16386421,431684,"futaris","https://api.github.com/users/futaris"
16386421,7150579,"benogel","https://api.github.com/users/benogel"
16386421,3347648,"aladdin898","https://api.github.com/users/aladdin898"
16386421,5073946,"SuriyaaKudoIsc","https://api.github.com/users/SuriyaaKudoIsc"
16386421,855913,"0xFACE","https://api.github.com/users/0xFACE"
16386421,7242316,"atannir","https://api.github.com/users/atannir"
16386421,6053756,"insmell","https://api.github.com/users/insmell"
16386421,3274289,"blpraveen","https://api.github.com/users/blpraveen"
16386421,438391,"UCIS","https://api.github.com/users/UCIS"
16386421,3592077,"vksbhagat","https://api.github.com/users/vksbhagat"
16386421,1298071,"stephaneAG","https://api.github.com/users/stephaneAG"
16386421,5031,"wstearns","https://api.github.com/users/wstearns"
16386421,152651,"GeoNomad","https://api.github.com/users/GeoNomad"
16386421,8090420,"hackrfbyt","https://api.github.com/users/hackrfbyt"
16386421,11911963,"boogis","https://api.github.com/users/boogis"
16386421,623243,"enricmcalvo","https://api.github.com/users/enricmcalvo"
16386421,9314230,"dc1rdb","https://api.github.com/users/dc1rdb"
16386421,603284,"akaziuna","https://api.github.com/users/akaziuna"
16386421,6000756,"andreycross","https://api.github.com/users/andreycross"
16386421,5983117,"dtolmie","https://api.github.com/users/dtolmie"
16386421,77258,"yufei","https://api.github.com/users/yufei"
16386421,1536223,"LordOfTheRams","https://api.github.com/users/LordOfTheRams"
16386421,971027,"LazyLinol","https://api.github.com/users/LazyLinol"
16386421,297388,"hightemp","https://api.github.com/users/hightemp"
16386421,841039,"jhcloos","https://api.github.com/users/jhcloos"
16389681,165353,"cdibona","https://api.github.com/users/cdibona"
16389681,2991279,"tomball","https://api.github.com/users/tomball"
16389681,6548109,"kstanger","https://api.github.com/users/kstanger"
16389681,6246445,"tommycrest","https://api.github.com/users/tommycrest"
16389681,899852,"tombrus","https://api.github.com/users/tombrus"
16389681,6206265,"chkob","https://api.github.com/users/chkob"
16389681,653797,"johndunne","https://api.github.com/users/johndunne"
16389681,4476963,"MichaelWangCH","https://api.github.com/users/MichaelWangCH"
16389681,194670,"denizztret","https://api.github.com/users/denizztret"
16389681,3059054,"lengnoyue","https://api.github.com/users/lengnoyue"
16389681,301596,"bsorrentino","https://api.github.com/users/bsorrentino"
16389681,7013381,"ianroth","https://api.github.com/users/ianroth"
16389681,4224160,"ericmacau","https://api.github.com/users/ericmacau"
16389681,896157,"hemantasapkota","https://api.github.com/users/hemantasapkota"
16389681,6715721,"xxfastboy","https://api.github.com/users/xxfastboy"
16389681,93131,"yildizib","https://api.github.com/users/yildizib"
16389681,2025160,"Gaando","https://api.github.com/users/Gaando"
16389681,2136801,"smitzey","https://api.github.com/users/smitzey"
16389681,3185487,"draculawang","https://api.github.com/users/draculawang"
16389681,2328454,"kingxt","https://api.github.com/users/kingxt"
16389681,355982,"roadlabs","https://api.github.com/users/roadlabs"
16389681,78549,"manitou2k","https://api.github.com/users/manitou2k"
16389681,360167,"a2ndrade","https://api.github.com/users/a2ndrade"
16389681,99172,"sharper","https://api.github.com/users/sharper"
16389681,3498956,"shankardeepak22","https://api.github.com/users/shankardeepak22"
16389681,1001132,"lijunhao","https://api.github.com/users/lijunhao"
16389681,288464,"viktort","https://api.github.com/users/viktort"
16389681,221345,"smallerror","https://api.github.com/users/smallerror"
16389681,2491575,"ad1ous","https://api.github.com/users/ad1ous"
16389681,5076468,"cagdasc","https://api.github.com/users/cagdasc"
16485700,165353,"cdibona","https://api.github.com/users/cdibona"
16485700,32383,"mina86","https://api.github.com/users/mina86"
16485700,175591,"r2d2v1","https://api.github.com/users/r2d2v1"
16485700,5073946,"SuriyaaKudoIsc","https://api.github.com/users/SuriyaaKudoIsc"
16485700,446326,"senseb","https://api.github.com/users/senseb"
16485700,77258,"yufei","https://api.github.com/users/yufei"
16485700,1423362,"akkikiki","https://api.github.com/users/akkikiki"
16485700,13064237,"dronadroid","https://api.github.com/users/dronadroid"
16485700,308482,"trungtv","https://api.github.com/users/trungtv"
16485700,23625253,"lcsfrey","https://api.github.com/users/lcsfrey"
16485700,841039,"jhcloos","https://api.github.com/users/jhcloos"
16485700,32309979,"eemailme","https://api.github.com/users/eemailme"
16485700,2311485,"liuzl","https://api.github.com/users/liuzl"
16485700,5153972,"junaidpk","https://api.github.com/users/junaidpk"
16485700,6035970,"cldssty","https://api.github.com/users/cldssty"
16485700,1405491,"fivejjs","https://api.github.com/users/fivejjs"
16485700,19964074,"Nable80","https://api.github.com/users/Nable80"
16525884,165353,"cdibona","https://api.github.com/users/cdibona"
16525884,2553434,"psimakov","https://api.github.com/users/psimakov"
16525884,5599032,"jorr-at-google","https://api.github.com/users/jorr-at-google"
16525884,6372703,"johncox-google","https://api.github.com/users/johncox-google"
16525884,1525579,"gratuxri","https://api.github.com/users/gratuxri"
16525884,4141179,"mgainer","https://api.github.com/users/mgainer"
16525884,841039,"jhcloos","https://api.github.com/users/jhcloos"
16525884,32309979,"eemailme","https://api.github.com/users/eemailme"
16701879,165353,"cdibona","https://api.github.com/users/cdibona"
16701879,1118859,"chkno","https://api.github.com/users/chkno"
16701879,1461254,"dmccer","https://api.github.com/users/dmccer"
16701879,5073946,"SuriyaaKudoIsc","https://api.github.com/users/SuriyaaKudoIsc"
16701879,2285684,"acazacu","https://api.github.com/users/acazacu"
16701879,77258,"yufei","https://api.github.com/users/yufei"
16701879,1525579,"gratuxri","https://api.github.com/users/gratuxri"
16701879,841039,"jhcloos","https://api.github.com/users/jhcloos"
16701879,32309979,"eemailme","https://api.github.com/users/eemailme"
16787414,165353,"cdibona","https://api.github.com/users/cdibona"
16787414,49834,"thatch","https://api.github.com/users/thatch"
16787414,8354027,"onealj","https://api.github.com/users/onealj"
16787414,5073946,"SuriyaaKudoIsc","https://api.github.com/users/SuriyaaKudoIsc"
16787414,1018411,"tRexCheng","https://api.github.com/users/tRexCheng"
16787414,4652159,"coderfi","https://api.github.com/users/coderfi"
16787414,541236,"tomzhang","https://api.github.com/users/tomzhang"
16787414,77258,"yufei","https://api.github.com/users/yufei"
16787414,11426119,"Sandy4321","https://api.github.com/users/Sandy4321"
16787414,841039,"jhcloos","https://api.github.com/users/jhcloos"
16787414,32309979,"eemailme","https://api.github.com/users/eemailme"
16787414,14091939,"acjh","https://api.github.com/users/acjh"
16787414,19716009,"arp11","https://api.github.com/users/arp11"
16852812,165353,"cdibona","https://api.github.com/users/cdibona"
16852812,1863153,"jakuub","https://api.github.com/users/jakuub"
16852812,5073946,"SuriyaaKudoIsc","https://api.github.com/users/SuriyaaKudoIsc"
16852812,447076,"wstrange","https://api.github.com/users/wstrange"
16852812,5479,"sethladd","https://api.github.com/users/sethladd"
16852812,14825,"tosh","https://api.github.com/users/tosh"
16852812,129084,"skybrian","https://api.github.com/users/skybrian"
16852812,88045,"narqo","https://api.github.com/users/narqo"
16852812,405837,"zoechi","https://api.github.com/users/zoechi"
16852812,841039,"jhcloos","https://api.github.com/users/jhcloos"
16852812,32309979,"eemailme","https://api.github.com/users/eemailme"
16992924,165353,"cdibona","https://api.github.com/users/cdibona"
16992924,711534,"chandlerc","https://api.github.com/users/chandlerc"
16992924,5073946,"SuriyaaKudoIsc","https://api.github.com/users/SuriyaaKudoIsc"
16992924,77258,"yufei","https://api.github.com/users/yufei"
16992924,841039,"jhcloos","https://api.github.com/users/jhcloos"
16992924,32309979,"eemailme","https://api.github.com/users/eemailme"
16993072,165353,"cdibona","https://api.github.com/users/cdibona"
16993072,205570,"johnjbarton","https://api.github.com/users/johnjbarton"
16993072,5073946,"SuriyaaKudoIsc","https://api.github.com/users/SuriyaaKudoIsc"
16993072,77258,"yufei","https://api.github.com/users/yufei"
16993072,1727724,"ovwane","https://api.github.com/users/ovwane"
16993072,841039,"jhcloos","https://api.github.com/users/jhcloos"
16993072,32309979,"eemailme","https://api.github.com/users/eemailme"
17029490,165353,"cdibona","https://api.github.com/users/cdibona"
17029490,904981,"mbushkov","https://api.github.com/users/mbushkov"
17029490,3856546,"scudette","https://api.github.com/users/scudette"
17029490,3466684,"destijl13","https://api.github.com/users/destijl13"
17029490,749364,"xlogik","https://api.github.com/users/xlogik"
17029490,104913,"bornio","https://api.github.com/users/bornio"
17029490,5073946,"SuriyaaKudoIsc","https://api.github.com/users/SuriyaaKudoIsc"
17029490,8438420,"keithcusters","https://api.github.com/users/keithcusters"
17029490,5426048,"geliefan","https://api.github.com/users/geliefan"
17029490,3888750,"joachimmetz","https://api.github.com/users/joachimmetz"
17029490,7632102,"grrrrrrrrr","https://api.github.com/users/grrrrrrrrr"
17029490,2385530,"p8a","https://api.github.com/users/p8a"
17029490,9697041,"bgalehouse","https://api.github.com/users/bgalehouse"
17029490,169669,"evandrix","https://api.github.com/users/evandrix"
17029490,6632069,"0E800","https://api.github.com/users/0E800"
17029490,526959,"trietptm","https://api.github.com/users/trietptm"
17029490,1535601,"lpswj","https://api.github.com/users/lpswj"
17029490,5067453,"scottlsattler","https://api.github.com/users/scottlsattler"
17029490,11305256,"Josh-white","https://api.github.com/users/Josh-white"
17029490,4935929,"JamesHovious","https://api.github.com/users/JamesHovious"
17029490,857146,"postfix","https://api.github.com/users/postfix"
17029490,1516772,"lafengnan","https://api.github.com/users/lafengnan"
17029490,3913335,"tobrion","https://api.github.com/users/tobrion"
17029490,5881333,"mmta","https://api.github.com/users/mmta"
17029490,12388601,"demorrison","https://api.github.com/users/demorrison"
17029490,8932213,"SHEP1975","https://api.github.com/users/SHEP1975"
17029490,6720384,"brian-olson","https://api.github.com/users/brian-olson"
17029490,5044195,"logikphreak","https://api.github.com/users/logikphreak"
17029490,599811,"wolfkabal","https://api.github.com/users/wolfkabal"
17029490,13324292,"s2kr","https://api.github.com/users/s2kr"
17068340,165353,"cdibona","https://api.github.com/users/cdibona"
17068340,544569,"lowasser","https://api.github.com/users/lowasser"
17068340,604117,"sivakumar-kailasam","https://api.github.com/users/sivakumar-kailasam"
17068340,5582506,"bzz","https://api.github.com/users/bzz"
17068340,5073946,"SuriyaaKudoIsc","https://api.github.com/users/SuriyaaKudoIsc"
17068340,7514865,"xiaokangs","https://api.github.com/users/xiaokangs"
17068340,144458,"casidiablo","https://api.github.com/users/casidiablo"
17068340,517887,"gramic","https://api.github.com/users/gramic"
17068340,1070844,"tkg24","https://api.github.com/users/tkg24"
17068340,2971221,"carlopellegriniarchijcom","https://api.github.com/users/carlopellegriniarchijcom"
17068340,349828,"ARoiD","https://api.github.com/users/ARoiD"
17068340,792797,"ronshapiro","https://api.github.com/users/ronshapiro"
17068340,876467,"bugabinga","https://api.github.com/users/bugabinga"
17068340,77258,"yufei","https://api.github.com/users/yufei"
17068340,841039,"jhcloos","https://api.github.com/users/jhcloos"
17068340,32309979,"eemailme","https://api.github.com/users/eemailme"
17068340,33998997,"IsrathMishu","https://api.github.com/users/IsrathMishu"
17150568,165353,"cdibona","https://api.github.com/users/cdibona"
17150568,65244,"dbarnett","https://api.github.com/users/dbarnett"
17150568,1452449,"chogg","https://api.github.com/users/chogg"
17150568,417814,"Kashomon","https://api.github.com/users/Kashomon"
17150568,897525,"shawcsn","https://api.github.com/users/shawcsn"
17150568,195559,"rakhmad","https://api.github.com/users/rakhmad"
17150568,427509,"wblystone","https://api.github.com/users/wblystone"
17150568,222264,"hyamamoto","https://api.github.com/users/hyamamoto"
17150568,2769810,"xanderman","https://api.github.com/users/xanderman"
17150568,7025783,"malcolmr","https://api.github.com/users/malcolmr"
17150568,5073946,"SuriyaaKudoIsc","https://api.github.com/users/SuriyaaKudoIsc"
17150568,349828,"ARoiD","https://api.github.com/users/ARoiD"
17150568,1147109,"RocketDonkey","https://api.github.com/users/RocketDonkey"
17150568,12192,"kozo2","https://api.github.com/users/kozo2"
17150568,6366270,"zchee","https://api.github.com/users/zchee"
17150568,942986,"rokthewok","https://api.github.com/users/rokthewok"
17150568,12142701,"23egih23","https://api.github.com/users/23egih23"
17150568,16215,"martindemello","https://api.github.com/users/martindemello"
17150568,14671,"stigkj","https://api.github.com/users/stigkj"
17150568,77258,"yufei","https://api.github.com/users/yufei"
17150568,17399211,"aravus","https://api.github.com/users/aravus"
17150568,6818668,"suoto","https://api.github.com/users/suoto"
17150568,1596288,"vbohinc","https://api.github.com/users/vbohinc"
17150568,841039,"jhcloos","https://api.github.com/users/jhcloos"
17150568,32309979,"eemailme","https://api.github.com/users/eemailme"
17381605,165353,"cdibona","https://api.github.com/users/cdibona"
17381605,1905377,"ztwaker","https://api.github.com/users/ztwaker"
17381605,1116113,"psallandre","https://api.github.com/users/psallandre"
17381605,4869638,"wxthon","https://api.github.com/users/wxthon"
17381605,6349573,"phoenixhadoop","https://api.github.com/users/phoenixhadoop"
17381605,199592,"methane","https://api.github.com/users/methane"
17381605,3050636,"mojeprojekty","https://api.github.com/users/mojeprojekty"
17381605,5073946,"SuriyaaKudoIsc","https://api.github.com/users/SuriyaaKudoIsc"
17381605,8426913,"compression-zhang","https://api.github.com/users/compression-zhang"
17381605,7518877,"fool-persen","https://api.github.com/users/fool-persen"
17381605,3467660,"applewolf","https://api.github.com/users/applewolf"
17381605,458954,"Edisontsai","https://api.github.com/users/Edisontsai"
17381605,648508,"shijinkui","https://api.github.com/users/shijinkui"
17381605,920705,"pavel-pimenov","https://api.github.com/users/pavel-pimenov"
17381605,1230727,"cometdlut","https://api.github.com/users/cometdlut"
17381605,2222648,"matrix10","https://api.github.com/users/matrix10"
17381605,3950274,"aruanruan","https://api.github.com/users/aruanruan"
17381605,1912815,"majingshan","https://api.github.com/users/majingshan"
17381605,215795,"innovimax","https://api.github.com/users/innovimax"
17381605,7039986,"chandimaw","https://api.github.com/users/chandimaw"
17381605,8955900,"EdNew","https://api.github.com/users/EdNew"
17381605,2550957,"macliu010","https://api.github.com/users/macliu010"
17381605,2187242,"loverszhaokai","https://api.github.com/users/loverszhaokai"
17381605,681064,"lokicui","https://api.github.com/users/lokicui"
17381605,1726798,"Salada","https://api.github.com/users/Salada"
17381605,1899299,"Optiligence","https://api.github.com/users/Optiligence"
17381605,373483,"banlyst","https://api.github.com/users/banlyst"
17381605,129368,"robertsdionne","https://api.github.com/users/robertsdionne"
17381605,1954428,"jiangwenhan","https://api.github.com/users/jiangwenhan"
17381605,3372601,"taohuadao","https://api.github.com/users/taohuadao"
17602058,165353,"cdibona","https://api.github.com/users/cdibona"
17602058,17555,"timbray","https://api.github.com/users/timbray"
17602058,6549769,"jdgreenberg","https://api.github.com/users/jdgreenberg"
17602058,5073946,"SuriyaaKudoIsc","https://api.github.com/users/SuriyaaKudoIsc"
17602058,841039,"jhcloos","https://api.github.com/users/jhcloos"
17602058,32309979,"eemailme","https://api.github.com/users/eemailme"
17761876,165353,"cdibona","https://api.github.com/users/cdibona"
17761876,5580528,"dekuhn","https://api.github.com/users/dekuhn"
17761876,701405,"Spencerx","https://api.github.com/users/Spencerx"
17761876,5073946,"SuriyaaKudoIsc","https://api.github.com/users/SuriyaaKudoIsc"
17761876,1790613,"narendasan","https://api.github.com/users/narendasan"
17761876,355982,"roadlabs","https://api.github.com/users/roadlabs"
17761876,8684231,"sac10154","https://api.github.com/users/sac10154"
17761876,6156069,"billhibazzz","https://api.github.com/users/billhibazzz"
17761876,77258,"yufei","https://api.github.com/users/yufei"
17761876,841039,"jhcloos","https://api.github.com/users/jhcloos"
17761876,32309979,"eemailme","https://api.github.com/users/eemailme"
17761876,4112675,"suhaha","https://api.github.com/users/suhaha"
17838258,165353,"cdibona","https://api.github.com/users/cdibona"
17838258,65244,"dbarnett","https://api.github.com/users/dbarnett"
17838258,417814,"Kashomon","https://api.github.com/users/Kashomon"
17838258,2769810,"xanderman","https://api.github.com/users/xanderman"
17838258,7025783,"malcolmr","https://api.github.com/users/malcolmr"
17838258,5073946,"SuriyaaKudoIsc","https://api.github.com/users/SuriyaaKudoIsc"
17838258,349828,"ARoiD","https://api.github.com/users/ARoiD"
17838258,1147109,"RocketDonkey","https://api.github.com/users/RocketDonkey"
17838258,16215,"martindemello","https://api.github.com/users/martindemello"
17838258,1525579,"gratuxri","https://api.github.com/users/gratuxri"
17838258,841039,"jhcloos","https://api.github.com/users/jhcloos"
17838258,32309979,"eemailme","https://api.github.com/users/eemailme"
17838265,165353,"cdibona","https://api.github.com/users/cdibona"
17838265,65244,"dbarnett","https://api.github.com/users/dbarnett"
17838265,417814,"Kashomon","https://api.github.com/users/Kashomon"
17838265,1819744,"chiphogg","https://api.github.com/users/chiphogg"
17838265,2769810,"xanderman","https://api.github.com/users/xanderman"
17838265,857692,"wedgwood","https://api.github.com/users/wedgwood"
17838265,7025783,"malcolmr","https://api.github.com/users/malcolmr"
17838265,5073946,"SuriyaaKudoIsc","https://api.github.com/users/SuriyaaKudoIsc"
17838265,6013136,"sundarmatpadi","https://api.github.com/users/sundarmatpadi"
17838265,349828,"ARoiD","https://api.github.com/users/ARoiD"
17838265,1147109,"RocketDonkey","https://api.github.com/users/RocketDonkey"
17838265,12192,"kozo2","https://api.github.com/users/kozo2"
17838265,6366270,"zchee","https://api.github.com/users/zchee"
17838265,16215,"martindemello","https://api.github.com/users/martindemello"
17838265,77258,"yufei","https://api.github.com/users/yufei"
17838265,609213,"davidosomething","https://api.github.com/users/davidosomething"
17838265,2771691,"samvv","https://api.github.com/users/samvv"
17838265,24414836,"ilmostroUptake","https://api.github.com/users/ilmostroUptake"
17838265,841039,"jhcloos","https://api.github.com/users/jhcloos"
17838265,12253212,"duanqiaobb","https://api.github.com/users/duanqiaobb"
17838265,32309979,"eemailme","https://api.github.com/users/eemailme"
17838265,25906424,"dunstontc","https://api.github.com/users/dunstontc"
17838265,1040460,"lesseasyway","https://api.github.com/users/lesseasyway"
17842819,165353,"cdibona","https://api.github.com/users/cdibona"
17842819,2963569,"miketruty","https://api.github.com/users/miketruty"
17842819,5580528,"dekuhn","https://api.github.com/users/dekuhn"
17842819,7863820,"brandonusher","https://api.github.com/users/brandonusher"
17842819,5073946,"SuriyaaKudoIsc","https://api.github.com/users/SuriyaaKudoIsc"
17842819,3899149,"das1","https://api.github.com/users/das1"
17842819,508124,"reuter","https://api.github.com/users/reuter"
17842819,77258,"yufei","https://api.github.com/users/yufei"
17842819,841039,"jhcloos","https://api.github.com/users/jhcloos"
17842819,32309979,"eemailme","https://api.github.com/users/eemailme"
18143180,165353,"cdibona","https://api.github.com/users/cdibona"
18143180,693,"farcaller","https://api.github.com/users/farcaller"
18143180,6156069,"billhibazzz","https://api.github.com/users/billhibazzz"
18143180,5049510,"BILLzzz","https://api.github.com/users/BILLzzz"
18143180,841039,"jhcloos","https://api.github.com/users/jhcloos"
18143180,32309979,"eemailme","https://api.github.com/users/eemailme"
18143466,165353,"cdibona","https://api.github.com/users/cdibona"
18143466,32383,"mina86","https://api.github.com/users/mina86"
18143466,701405,"Spencerx","https://api.github.com/users/Spencerx"
18143466,5073946,"SuriyaaKudoIsc","https://api.github.com/users/SuriyaaKudoIsc"
18143466,1712913,"gvintoo","https://api.github.com/users/gvintoo"
18143466,333865,"gmarty","https://api.github.com/users/gmarty"
18143466,8693379,"victory2015","https://api.github.com/users/victory2015"
18143466,837910,"timelyportfolio","https://api.github.com/users/timelyportfolio"
18143466,77258,"yufei","https://api.github.com/users/yufei"
18143466,510439,"diproart","https://api.github.com/users/diproart"
18143466,16795880,"chantallem","https://api.github.com/users/chantallem"
18143466,12631274,"guifelix","https://api.github.com/users/guifelix"
18143466,24804027,"g33kyM0m","https://api.github.com/users/g33kyM0m"
18143466,841039,"jhcloos","https://api.github.com/users/jhcloos"
18143466,16982009,"leodc","https://api.github.com/users/leodc"
18143466,32309979,"eemailme","https://api.github.com/users/eemailme"
18143466,7898256,"jonike","https://api.github.com/users/jonike"
18143466,2946059,"UXDart","https://api.github.com/users/UXDart"
18143466,4156168,"rihitohasumi","https://api.github.com/users/rihitohasumi"
18143466,135520,"kiririmode","https://api.github.com/users/kiririmode"
18144573,165353,"cdibona","https://api.github.com/users/cdibona"
18144573,796437,"TehMillhouse","https://api.github.com/users/TehMillhouse"
18144573,456956,"xa4a","https://api.github.com/users/xa4a"
18144573,530291,"unbrice","https://api.github.com/users/unbrice"
18144573,74834,"Flameeyes","https://api.github.com/users/Flameeyes"
18144573,361370,"vinayjain404","https://api.github.com/users/vinayjain404"
18144573,1008336,"julienvitard","https://api.github.com/users/julienvitard"
18144573,1191964,"epoelke","https://api.github.com/users/epoelke"
18144573,830199,"choppa1890","https://api.github.com/users/choppa1890"
18144573,4841530,"st3venb","https://api.github.com/users/st3venb"
18144573,2324966,"drewpeacock","https://api.github.com/users/drewpeacock"
18144573,774134,"light-handle","https://api.github.com/users/light-handle"
18144573,133559,"sunilnandihalli","https://api.github.com/users/sunilnandihalli"
18144573,1925971,"sebastien-ferry","https://api.github.com/users/sebastien-ferry"
18144573,476400,"kirotawa","https://api.github.com/users/kirotawa"
18144573,115175,"daedalus","https://api.github.com/users/daedalus"
18144573,526959,"trietptm","https://api.github.com/users/trietptm"
18144573,2848335,"Z-Corbett","https://api.github.com/users/Z-Corbett"
18144573,1973063,"rahanar","https://api.github.com/users/rahanar"
18144573,2578718,"sandlbn","https://api.github.com/users/sandlbn"
18144573,448872,"AnthonyNystrom","https://api.github.com/users/AnthonyNystrom"
18144573,443424,"bapata","https://api.github.com/users/bapata"
18144573,3700499,"lghknight","https://api.github.com/users/lghknight"
18144573,40112,"eduardok","https://api.github.com/users/eduardok"
18144573,1130984,"wooparadog","https://api.github.com/users/wooparadog"
18144573,1748597,"tonicbupt","https://api.github.com/users/tonicbupt"
18144573,6349854,"sbf0124","https://api.github.com/users/sbf0124"
18144573,3042118,"TDKPS","https://api.github.com/users/TDKPS"
18144573,284663,"stuartcampbell","https://api.github.com/users/stuartcampbell"
18144573,52117,"schuyler1d","https://api.github.com/users/schuyler1d"
18145721,165353,"cdibona","https://api.github.com/users/cdibona"
18145721,318114,"adambender","https://api.github.com/users/adambender"
18145721,4284736,"xiangyunyy","https://api.github.com/users/xiangyunyy"
18145721,1169572,"Arpita","https://api.github.com/users/Arpita"
18145721,7119967,"fuliereva","https://api.github.com/users/fuliereva"
18145721,4050177,"artpia","https://api.github.com/users/artpia"
18145721,1924313,"jtmcdole","https://api.github.com/users/jtmcdole"
18145721,168174,"matanlurey","https://api.github.com/users/matanlurey"
18145721,5073946,"SuriyaaKudoIsc","https://api.github.com/users/SuriyaaKudoIsc"
18145721,1226812,"jacob314","https://api.github.com/users/jacob314"
18145721,349890,"rayk","https://api.github.com/users/rayk"
18145721,405837,"zoechi","https://api.github.com/users/zoechi"
18145721,77258,"yufei","https://api.github.com/users/yufei"
18145721,841039,"jhcloos","https://api.github.com/users/jhcloos"
18145721,32309979,"eemailme","https://api.github.com/users/eemailme"
18347398,165353,"cdibona","https://api.github.com/users/cdibona"
18347398,694263,"danielcdh","https://api.github.com/users/danielcdh"
18347398,455423,"kula85","https://api.github.com/users/kula85"
18347398,150922,"hanumantmk","https://api.github.com/users/hanumantmk"
18347398,1812968,"phoebase","https://api.github.com/users/phoebase"
18347398,5073946,"SuriyaaKudoIsc","https://api.github.com/users/SuriyaaKudoIsc"
18347398,2187242,"loverszhaokai","https://api.github.com/users/loverszhaokai"
18347398,11978991,"zhenyw","https://api.github.com/users/zhenyw"
18347398,4214337,"hardboydu","https://api.github.com/users/hardboydu"
18347398,7384805,"gfursin","https://api.github.com/users/gfursin"
18347398,187848,"jevinskie","https://api.github.com/users/jevinskie"
18347398,6156069,"billhibazzz","https://api.github.com/users/billhibazzz"
18347398,7024371,"tauger","https://api.github.com/users/tauger"
18347398,16595104,"DKCopy","https://api.github.com/users/DKCopy"
18347398,6206265,"chkob","https://api.github.com/users/chkob"
18347398,11980989,"azurlavanda","https://api.github.com/users/azurlavanda"
18347398,3054232,"ottolu","https://api.github.com/users/ottolu"
18347398,5118698,"curtisai","https://api.github.com/users/curtisai"
18347398,700956,"ahyangyi","https://api.github.com/users/ahyangyi"
18347398,841039,"jhcloos","https://api.github.com/users/jhcloos"
18347398,32309979,"eemailme","https://api.github.com/users/eemailme"
18347398,1570966,"rnaxsky","https://api.github.com/users/rnaxsky"
18347398,41293931,"robwalker-arm","https://api.github.com/users/robwalker-arm"
18347476,165353,"cdibona","https://api.github.com/users/cdibona"
18347476,2899566,"kiban18","https://api.github.com/users/kiban18"
18347476,1190344,"LOG-TAG","https://api.github.com/users/LOG-TAG"
18347476,4497882,"LouisWoong","https://api.github.com/users/LouisWoong"
18347476,1296275,"rayboot","https://api.github.com/users/rayboot"
18347476,1332886,"yamacraft","https://api.github.com/users/yamacraft"
18347476,1792070,"njovy","https://api.github.com/users/njovy"
18347476,11365,"arden","https://api.github.com/users/arden"
18347476,3837743,"robhamk","https://api.github.com/users/robhamk"
18347476,2979580,"mandlapower","https://api.github.com/users/mandlapower"
18347476,4462527,"rvganesh","https://api.github.com/users/rvganesh"
18347476,38286,"ksc91u","https://api.github.com/users/ksc91u"
18347476,643554,"ivngrz","https://api.github.com/users/ivngrz"
18347476,2919173,"gouchangxing","https://api.github.com/users/gouchangxing"
18347476,1511758,"csobrinho","https://api.github.com/users/csobrinho"
18347476,4352914,"watershao","https://api.github.com/users/watershao"
18347476,2889873,"manalilib","https://api.github.com/users/manalilib"
18347476,133312,"madcake","https://api.github.com/users/madcake"
18347476,1680351,"kiumars","https://api.github.com/users/kiumars"
18347476,1454424,"penkzhou","https://api.github.com/users/penkzhou"
18347476,7150882,"iloveilmare","https://api.github.com/users/iloveilmare"
18347476,3819494,"evangilo","https://api.github.com/users/evangilo"
18347476,227169,"vipsy","https://api.github.com/users/vipsy"
18347476,6991531,"pixiedusteng","https://api.github.com/users/pixiedusteng"
18347476,7949751,"questionchild","https://api.github.com/users/questionchild"
18347476,2952450,"ESARDA","https://api.github.com/users/ESARDA"
18347476,3661106,"pixelnoir","https://api.github.com/users/pixelnoir"
18347476,3455270,"adama119","https://api.github.com/users/adama119"
18347476,1978258,"hareeshbabu82ns","https://api.github.com/users/hareeshbabu82ns"
18347476,4046447,"0xnm","https://api.github.com/users/0xnm"
18458047,165353,"cdibona","https://api.github.com/users/cdibona"
18458047,425024,"pcc","https://api.github.com/users/pcc"
18458047,732536,"regehr","https://api.github.com/users/regehr"
18458047,861280,"KurSh","https://api.github.com/users/KurSh"
18458047,3042118,"TDKPS","https://api.github.com/users/TDKPS"
18458047,59800,"bradjonesca","https://api.github.com/users/bradjonesca"
18458047,1852472,"enptfb55","https://api.github.com/users/enptfb55"
18458047,526283,"sfrehse","https://api.github.com/users/sfrehse"
18458047,701405,"Spencerx","https://api.github.com/users/Spencerx"
18458047,8187588,"rsas","https://api.github.com/users/rsas"
18458047,5073946,"SuriyaaKudoIsc","https://api.github.com/users/SuriyaaKudoIsc"
18458047,2857424,"ReidAtcheson","https://api.github.com/users/ReidAtcheson"
18458047,757430,"chenyang78","https://api.github.com/users/chenyang78"
18458047,526959,"trietptm","https://api.github.com/users/trietptm"
18458047,8862841,"yizhibenpao","https://api.github.com/users/yizhibenpao"
18458047,951476,"hunslater","https://api.github.com/users/hunslater"
18458047,875724,"jeroenk","https://api.github.com/users/jeroenk"
18458047,860916,"sarvagnan","https://api.github.com/users/sarvagnan"
18458047,1067895,"DennisOSRM","https://api.github.com/users/DennisOSRM"
18458047,2998477,"nunoplopes","https://api.github.com/users/nunoplopes"
18458047,4220297,"xlvcst","https://api.github.com/users/xlvcst"
18458047,187848,"jevinskie","https://api.github.com/users/jevinskie"
18458047,2142308,"ariccio","https://api.github.com/users/ariccio"
18458047,4214337,"hardboydu","https://api.github.com/users/hardboydu"
18458047,3189997,"bowlofstew","https://api.github.com/users/bowlofstew"
18458047,6600596,"jubitaneja","https://api.github.com/users/jubitaneja"
18458047,1121983,"cdsalmons","https://api.github.com/users/cdsalmons"
18458047,697057,"zhaowoxin","https://api.github.com/users/zhaowoxin"
18458047,4065436,"hdarwin","https://api.github.com/users/hdarwin"
18458047,2124679,"Inaughenth","https://api.github.com/users/Inaughenth"
18511024,110953,"addyosmani","https://api.github.com/users/addyosmani"
18511024,45510,"PaulKinlan","https://api.github.com/users/PaulKinlan"
18511024,1561825,"Meggin","https://api.github.com/users/Meggin"
18511024,718038,"petele","https://api.github.com/users/petele"
18511024,95208,"alice","https://api.github.com/users/alice"
18511024,252323,"evert0n","https://api.github.com/users/evert0n"
18511024,371472,"Onjanirina","https://api.github.com/users/Onjanirina"
18511024,4234544,"trilodge","https://api.github.com/users/trilodge"
18511024,7657315,"joshua-curtis-smith","https://api.github.com/users/joshua-curtis-smith"
18511024,70635,"d2m","https://api.github.com/users/d2m"
18511024,1913230,"sglenns","https://api.github.com/users/sglenns"
18511024,3216550,"cibersistemas","https://api.github.com/users/cibersistemas"
18511024,609720,"sharesynth","https://api.github.com/users/sharesynth"
18511024,1358093,"octavioamu","https://api.github.com/users/octavioamu"
18511024,868301,"Garbee","https://api.github.com/users/Garbee"
18511024,290890,"sams","https://api.github.com/users/sams"
18511024,1430216,"cgkio","https://api.github.com/users/cgkio"
18511024,1518910,"frostjohn","https://api.github.com/users/frostjohn"
18511024,4523441,"seandinwiddie","https://api.github.com/users/seandinwiddie"
18511024,11365,"arden","https://api.github.com/users/arden"
18511024,1492185,"pmwoodward3","https://api.github.com/users/pmwoodward3"
18511024,7939317,"jungweld","https://api.github.com/users/jungweld"
18511024,710662,"priest671","https://api.github.com/users/priest671"
18511024,228359,"marexandre","https://api.github.com/users/marexandre"
18511024,127638,"multiplier","https://api.github.com/users/multiplier"
18511024,788995,"sugawaramasaya","https://api.github.com/users/sugawaramasaya"
18511024,635512,"zeusdeux","https://api.github.com/users/zeusdeux"
18511024,1431033,"rockybean","https://api.github.com/users/rockybean"
18511024,877953,"SteveShaffer","https://api.github.com/users/SteveShaffer"
18511024,1485058,"mvijayanand","https://api.github.com/users/mvijayanand"
18605981,165353,"cdibona","https://api.github.com/users/cdibona"
18605981,5599032,"jorr-at-google","https://api.github.com/users/jorr-at-google"
18605981,6372703,"johncox-google","https://api.github.com/users/johncox-google"
18605981,4141179,"mgainer","https://api.github.com/users/mgainer"
18605981,3466499,"johnnymo87","https://api.github.com/users/johnnymo87"
18605981,1316366,"ybergner","https://api.github.com/users/ybergner"
18605981,701405,"Spencerx","https://api.github.com/users/Spencerx"
18605981,5073946,"SuriyaaKudoIsc","https://api.github.com/users/SuriyaaKudoIsc"
18605981,77258,"yufei","https://api.github.com/users/yufei"
18605981,841039,"jhcloos","https://api.github.com/users/jhcloos"
18605981,32309979,"eemailme","https://api.github.com/users/eemailme"
18845024,165353,"cdibona","https://api.github.com/users/cdibona"
18845024,36416,"blickly","https://api.github.com/users/blickly"
18845024,26476,"teppeis","https://api.github.com/users/teppeis"
18845024,205174,"lukas-vlcek","https://api.github.com/users/lukas-vlcek"
18845024,1114117,"SanderSpies","https://api.github.com/users/SanderSpies"
18845024,1622106,"acleung","https://api.github.com/users/acleung"
18845024,1171466,"darth10","https://api.github.com/users/darth10"
18845024,278641,"nicks","https://api.github.com/users/nicks"
18845024,469205,"illandril","https://api.github.com/users/illandril"
18845024,4585198,"shuapeng","https://api.github.com/users/shuapeng"
18845024,4527059,"Mirovinger","https://api.github.com/users/Mirovinger"
18845024,1078268,"peeyush113","https://api.github.com/users/peeyush113"
18845024,4458,"ivan","https://api.github.com/users/ivan"
18845024,1490484,"jbemmz","https://api.github.com/users/jbemmz"
18845024,1370537,"banguit","https://api.github.com/users/banguit"
18845024,2229725,"marketingengines","https://api.github.com/users/marketingengines"
18845024,7446349,"zyandu","https://api.github.com/users/zyandu"
18845024,19714,"azu","https://api.github.com/users/azu"
18845024,13516,"swannodette","https://api.github.com/users/swannodette"
18845024,3077187,"tamimendoza","https://api.github.com/users/tamimendoza"
18845024,30596,"alexo","https://api.github.com/users/alexo"
18845024,6905333,"nave7693","https://api.github.com/users/nave7693"
18845024,615197,"jobez","https://api.github.com/users/jobez"
18845024,1219432,"kingtheus","https://api.github.com/users/kingtheus"
18845024,8236723,"krsnat","https://api.github.com/users/krsnat"
18845024,870358,"shaoke","https://api.github.com/users/shaoke"
18845024,7929074,"EllaZhao","https://api.github.com/users/EllaZhao"
18845024,674166,"caiodv","https://api.github.com/users/caiodv"
18845024,5073946,"SuriyaaKudoIsc","https://api.github.com/users/SuriyaaKudoIsc"
18845024,2922933,"qdkll","https://api.github.com/users/qdkll"
18845068,165353,"cdibona","https://api.github.com/users/cdibona"
18845068,26476,"teppeis","https://api.github.com/users/teppeis"
18845068,205174,"lukas-vlcek","https://api.github.com/users/lukas-vlcek"
18845068,1047701,"nathancomstock","https://api.github.com/users/nathancomstock"
18845068,175385,"niksumeiko","https://api.github.com/users/niksumeiko"
18845068,1370537,"banguit","https://api.github.com/users/banguit"
18845068,5073946,"SuriyaaKudoIsc","https://api.github.com/users/SuriyaaKudoIsc"
18845068,1245994,"concavelenz","https://api.github.com/users/concavelenz"
18845068,45421,"qqiao","https://api.github.com/users/qqiao"
18845068,1487056,"Ubehebe","https://api.github.com/users/Ubehebe"
18845068,792558,"josephkaptur","https://api.github.com/users/josephkaptur"
18845068,9087485,"jimmyacademy","https://api.github.com/users/jimmyacademy"
18845068,210140,"lukesandberg","https://api.github.com/users/lukesandberg"
18845068,6809669,"DavidCPhillips","https://api.github.com/users/DavidCPhillips"
18845068,486369,"tiagofreres","https://api.github.com/users/tiagofreres"
18845068,751571,"shrekting","https://api.github.com/users/shrekting"
18845068,5841658,"muhonglong","https://api.github.com/users/muhonglong"
18845068,12726733,"ramagaboo","https://api.github.com/users/ramagaboo"
18845068,355982,"roadlabs","https://api.github.com/users/roadlabs"
18845068,8163869,"NDuma","https://api.github.com/users/NDuma"
18845068,1610158,"mcanthony","https://api.github.com/users/mcanthony"
18845068,2047482,"gare4ka","https://api.github.com/users/gare4ka"
18845068,314978,"chone","https://api.github.com/users/chone"
18845068,77258,"yufei","https://api.github.com/users/yufei"
18845068,10057453,"xinnian88","https://api.github.com/users/xinnian88"
18845068,5306205,"tgrospic","https://api.github.com/users/tgrospic"
18845068,7816720,"chidinweke","https://api.github.com/users/chidinweke"
18845068,576106,"nikmonkov","https://api.github.com/users/nikmonkov"
18845068,113087,"eduardolundgren","https://api.github.com/users/eduardolundgren"
18845068,8576686,"cdll","https://api.github.com/users/cdll"
18851049,165353,"cdibona","https://api.github.com/users/cdibona"
18851049,389869,"schwehr","https://api.github.com/users/schwehr"
18851049,80741,"mloskot","https://api.github.com/users/mloskot"
18851049,6156069,"billhibazzz","https://api.github.com/users/billhibazzz"
18851049,841039,"jhcloos","https://api.github.com/users/jhcloos"
18851049,32309979,"eemailme","https://api.github.com/users/eemailme"
19000603,165353,"cdibona","https://api.github.com/users/cdibona"
19000603,7265981,"tinskip","https://api.github.com/users/tinskip"
19000603,7329892,"kqyang","https://api.github.com/users/kqyang"
19000603,7661070,"rkuroiwa","https://api.github.com/users/rkuroiwa"
19000603,7927209,"ramjic","https://api.github.com/users/ramjic"
19000603,7982728,"shalomsa","https://api.github.com/users/shalomsa"
19000603,7699891,"zaygit","https://api.github.com/users/zaygit"
19000603,5073946,"SuriyaaKudoIsc","https://api.github.com/users/SuriyaaKudoIsc"
19000603,90441,"zxy1256","https://api.github.com/users/zxy1256"
19000603,2142072,"ghyzo","https://api.github.com/users/ghyzo"
19000603,7933160,"nibaboojit","https://api.github.com/users/nibaboojit"
19000603,5994234,"raybaranoski","https://api.github.com/users/raybaranoski"
19000603,1457798,"dahang","https://api.github.com/users/dahang"
19000603,11604718,"Rigzin","https://api.github.com/users/Rigzin"
19000603,1288650,"mdelatorre85","https://api.github.com/users/mdelatorre85"
19000603,620069,"wgenemorgan","https://api.github.com/users/wgenemorgan"
19000603,4120514,"nrmmota","https://api.github.com/users/nrmmota"
19000603,12030300,"somerobmitchell","https://api.github.com/users/somerobmitchell"
19000603,12858275,"gandinod","https://api.github.com/users/gandinod"
19000603,6675552,"ryemyster","https://api.github.com/users/ryemyster"
19000603,390834,"ustinov","https://api.github.com/users/ustinov"
19000603,1058326,"lokiheero","https://api.github.com/users/lokiheero"
19000603,5119124,"tankvn","https://api.github.com/users/tankvn"
19000603,4214337,"hardboydu","https://api.github.com/users/hardboydu"
19000603,1610158,"mcanthony","https://api.github.com/users/mcanthony"
19000603,10716541,"imalex","https://api.github.com/users/imalex"
19000603,1372364,"khaledmdiab","https://api.github.com/users/khaledmdiab"
19000603,935459,"gsk727","https://api.github.com/users/gsk727"
19000603,437742,"whisk","https://api.github.com/users/whisk"
19000603,6156069,"billhibazzz","https://api.github.com/users/billhibazzz"
19086133,165353,"cdibona","https://api.github.com/users/cdibona"
19086133,6396749,"delesley","https://api.github.com/users/delesley"
19086133,1156199,"WHunt","https://api.github.com/users/WHunt"
19086133,3589446,"spiderofmean","https://api.github.com/users/spiderofmean"
19086133,2694949,"MHM5000","https://api.github.com/users/MHM5000"
19086133,41809,"rurban","https://api.github.com/users/rurban"
19086133,1404191,"abduld","https://api.github.com/users/abduld"
19086133,1171193,"skyshaw","https://api.github.com/users/skyshaw"
19086133,5073946,"SuriyaaKudoIsc","https://api.github.com/users/SuriyaaKudoIsc"
19086133,1772607,"qweek","https://api.github.com/users/qweek"
19086133,1639928,"jinglehp","https://api.github.com/users/jinglehp"
19086133,1063961,"forandom","https://api.github.com/users/forandom"
19086133,4220297,"xlvcst","https://api.github.com/users/xlvcst"
19086133,2187242,"loverszhaokai","https://api.github.com/users/loverszhaokai"
19086133,11523068,"olliewild","https://api.github.com/users/olliewild"
19086133,789172,"kazt81","https://api.github.com/users/kazt81"
19086133,11959746,"agithubtest1","https://api.github.com/users/agithubtest1"
19086133,1238887,"bvdelft","https://api.github.com/users/bvdelft"
19086133,4214337,"hardboydu","https://api.github.com/users/hardboydu"
19086133,3189997,"bowlofstew","https://api.github.com/users/bowlofstew"
19086133,3251863,"Minh0001","https://api.github.com/users/Minh0001"
19086133,77258,"yufei","https://api.github.com/users/yufei"
19086133,841039,"jhcloos","https://api.github.com/users/jhcloos"
19086133,32309979,"eemailme","https://api.github.com/users/eemailme"
19086150,165353,"cdibona","https://api.github.com/users/cdibona"
19086150,3577447,"zwri","https://api.github.com/users/zwri"
19086150,1371569,"klepikov","https://api.github.com/users/klepikov"
19086150,5436032,"progressnerd","https://api.github.com/users/progressnerd"
19086150,5073946,"SuriyaaKudoIsc","https://api.github.com/users/SuriyaaKudoIsc"
19086150,1018411,"tRexCheng","https://api.github.com/users/tRexCheng"
19086150,9393497,"ahboy7815","https://api.github.com/users/ahboy7815"
19086150,6156069,"billhibazzz","https://api.github.com/users/billhibazzz"
19086150,77258,"yufei","https://api.github.com/users/yufei"
19086150,4069255,"leejoon","https://api.github.com/users/leejoon"
19086150,4608088,"krishnakanthpps","https://api.github.com/users/krishnakanthpps"
19086150,21001057,"csalcedo100","https://api.github.com/users/csalcedo100"
19086150,13103746,"changdongvan","https://api.github.com/users/changdongvan"
19086150,841039,"jhcloos","https://api.github.com/users/jhcloos"
19086150,32309979,"eemailme","https://api.github.com/users/eemailme"
